INSERT INTO users (email, username, age, gender, firstname, lastname, password) VALUES
('user1@example.com', 'user1', 25, 'male', 'User', 'One', 'password1'),
('user2@example.com', 'user2', 30, 'female', 'User', 'Two', 'password2'),
('user3@example.com', 'user3', 22, 'female', 'User', 'Three', 'password3'),
('user4@example.com', 'user4', 27, 'male', 'User', 'Four', 'password4'),
('user5@example.com', 'user5', 29, 'female', 'User', 'Five', 'password5'),
('user6@example.com', 'user6', 23, 'male', 'User', 'Six', 'password6'),
('user7@example.com', 'user7', 31, 'female', 'User', 'Seven', 'password7'),
('user8@example.com', 'user8', 26, 'male', 'User', 'Eight', 'password8'),
('user9@example.com', 'user9', 24, 'female', 'User', 'Nine', 'password9'),
('user10@example.com', 'user10', 28, 'male', 'User', 'Ten', 'password10'),
('user11@example.com', 'user11', 25, 'female', 'User', 'Eleven', 'password11'),
('user12@example.com', 'user12', 30, 'male', 'User', 'Twelve', 'password12'),
('user13@example.com', 'user13', 22, 'female', 'User', 'Thirteen', 'password13'),
('user14@example.com', 'user14', 27, 'male', 'User', 'Fourteen', 'password14'),
('user15@example.com', 'user15', 29, 'female', 'User', 'Fifteen', 'password15'),
('user16@example.com', 'user16', 23, 'male', 'User', 'Sixteen', 'password16'),
('user17@example.com', 'user17', 31, 'female', 'User', 'Seventeen', 'password17'),
('user18@example.com', 'user18', 26, 'male', 'User', 'Eighteen', 'password18'),
('user19@example.com', 'user19', 24, 'female', 'User', 'Nineteen', 'password19'),
('user20@example.com', 'user20', 28, 'male', 'User', 'Twenty', 'password20');

INSERT INTO sessions (user_id, session_id, expires_at) VALUES
(1, 'session_1', '2025-12-31 23:59:59'),
(2, 'session_2', '2025-12-31 23:59:59'),
(3, 'session_3', '2025-12-31 23:59:59'),
(4, 'session_4', '2025-12-31 23:59:59'),
(5, 'session_5', '2025-12-31 23:59:59'),
(6, 'session_6', '2025-12-31 23:59:59'),
(7, 'session_7', '2025-12-31 23:59:59'),
(8, 'session_8', '2025-12-31 23:59:59'),
(9, 'session_9', '2025-12-31 23:59:59'),
(10, 'session_10', '2025-12-31 23:59:59'),
(11, 'session_11', '2025-12-31 23:59:59'),
(12, 'session_12', '2025-12-31 23:59:59'),
(13, 'session_13', '2025-12-31 23:59:59'),
(14, 'session_14', '2025-12-31 23:59:59'),
(15, 'session_15', '2025-12-31 23:59:59'),
(16, 'session_16', '2025-12-31 23:59:59'),
(17, 'session_17', '2025-12-31 23:59:59'),
(18, 'session_18', '2025-12-31 23:59:59'),
(19, 'session_19', '2025-12-31 23:59:59'),
(20, 'session_20', '2025-12-31 23:59:59');

INSERT INTO categories (label) VALUES
('Technology'),
('Health'),
('Lifestyle'),
('Education'),
('Travel');

INSERT INTO posts (user_id, title, content) VALUES
(1, 'The Future of Tech', 'Exploring new advancements in technology...'),
(2, 'Healthy Living', 'Tips for a healthier lifestyle...'),
(3, 'Traveling the World', 'The best places to visit in 2025...'),
(4, 'Understanding AI', 'A deep dive into artificial intelligence...'),
(5, 'The Importance of Mental Health', 'How to take care of your mind...'),
(6, 'The Art of Cooking', 'Simple recipes for beginners...'),
(7, 'Fitness Tips', 'How to stay fit and healthy...'),
(8, 'Travel Tips for Solo Travelers', 'How to explore the world alone...'),
(9, 'The Rise of Remote Work', 'Adapting to a new work environment...'),
(10, 'Sustainable Living', 'Tips for a greener lifestyle...'),
(11, 'Tech Gadgets You Need', 'The latest must-have gadgets...'),
(12, 'Healthy Eating', 'Nutritional tips for a balanced diet...'),
(13, 'Traveling on a Budget', 'How to save money while traveling...'),
(14, 'Tech in Education', 'The role of technology in learning...'),
(15, 'Mindfulness and Meditation', 'Practices for a calmer mind...'),
(16, 'The Joy of Reading', 'Books that will change your life...'),
(17, 'Outdoor Adventures', 'Exploring nature and its beauty...'),
(18, 'Home Workouts', 'Staying fit at home...'),
(19, 'Pet Care Tips', 'How to take care of your furry friends...'),
(20, 'The Future of Renewable Energy', 'Exploring sustainable energy sources...');

INSERT INTO comments (user_id, post_id, content) VALUES
(2, 1, 'Great insights on technology!'),
(3, 1, 'I love this topic!'),
(1, 2, 'Very useful tips!'),
(4, 3, 'Can not wait to travel again!'),
(5, 4, 'AI is truly fascinating!'),
(6, 5, 'Mental health is so important!'),
(7, 6, 'I need to try this recipe!'),
(8, 7, 'Thanks for the fitness tips!'),
(9, 8, 'Solo travel is the best!'),
(10, 9, 'Remote work has its challenges!'),
(11, 10, 'Sustainability is key!'),
(12, 11, 'Love these gadgets!'),
(13, 12, 'Eating healthy is a lifestyle!'),
(14, 13, 'Budget travel is possible!'),
(15, 14, 'Tech is changing education!'),
(16, 15, 'Meditation has helped me!'),
(17, 16, 'Books are a treasure!'),
(18, 17, 'Nature is so beautiful!'),
(19, 18, 'Home workouts are great!'),
(20, 19, 'Pets bring so much joy!'),
(1, 20, 'Renewable energy is the future!');

INSERT INTO post_reactions (user_id, post_id, reaction) VALUES
(1, 1, 'like'),
(2, 1, 'like'),
(3, 2, 'dislike'),
(4, 3, 'like'),
(5, 4, 'like'),
(6, 5, 'like'),
(7, 6, 'like'),
(8, 7, 'dislike'),
(9, 8, 'like'),
(10, 9, 'like'),
(11, 10, 'like'),
(12, 11, 'dislike'),
(13, 12, 'like'),
(14, 13, 'like'),
(15, 14, 'like'),
(16, 15, 'dislike'),
(17, 16, 'like'),
(18, 17, 'like'),
(19, 18, 'dislike'),
(20, 19, 'like'),
(1, 20, 'like');

INSERT INTO comment_reactions (user_id, comment_id, reaction) VALUES
(1, 1, 'like'),
(2, 2, 'like'),
(3, 3, 'dislike'),
(4, 4, 'like'),
(5, 5, 'like'),
(6, 6, 'dislike'),
(7, 7, 'like'),
(8, 8, 'like'),
(9, 9, 'dislike'),
(10, 10, 'like'),
(11, 11, 'dislike'),
(12, 12, 'like'),
(13, 13, 'like'),
(14, 14, 'dislike'),
(15, 15, 'like'),
(16, 16, 'like'),
(17, 17, 'dislike'),
(18, 18, 'like'),
(19, 19, 'like'),
(20, 20, 'dislike');

INSERT INTO messages (sender, receiver, msg, created_at) VALUES
('user1', 'user2', 'Hey, check out my latest post!', CURRENT_TIMESTAMP),
('user2', 'user1', 'Sure! I will read it later.', CURRENT_TIMESTAMP),
('user3', 'user4', 'Let s plan a trip together!', CURRENT_TIMESTAMP),
('user4', 'user3', 'That sounds great!', CURRENT_TIMESTAMP),
('user5', 'user6', 'Have you seen the latest tech news?', CURRENT_TIMESTAMP),
('user6', 'user5', 'Not yet, but I will!', CURRENT_TIMESTAMP),
('user7', 'user8', 'Thanks for the tips on fitness!', CURRENT_TIMESTAMP),
('user8', 'user7', 'You are welcome! Stay fit!', CURRENT_TIMESTAMP),
('user9', 'user10', 'What do you think about remote work?', CURRENT_TIMESTAMP),
('user10', 'user9', 'I love it! Flexibility is key.', CURRENT_TIMESTAMP),
('user11', 'user12', 'Let is meet for coffee soon!', CURRENT_TIMESTAMP),
('user12', 'user11', 'Yes! I would love that.', CURRENT_TIMESTAMP),
('user13', 'user14', 'I enjoyed your latest post.', CURRENT_TIMESTAMP),
('user14', 'user13', 'Thank you! I appreciate it.', CURRENT_TIMESTAMP),
('user15', 'user16', 'Have you tried meditation?', CURRENT_TIMESTAMP),
('user16', 'user15', 'Yes, it helps a lot!', CURRENT_TIMESTAMP),
('user17', 'user18', 'What book are you reading now?', CURRENT_TIMESTAMP),
('user18', 'user17', 'I just finished a great novel!', CURRENT_TIMESTAMP),
('user19', 'user20', 'Pets make life better!', CURRENT_TIMESTAMP),
('user20', 'user19', 'Absolutely! They bring joy.', CURRENT_TIMESTAMP);